K,previously_reached,newly_reached,cumulative,model,query_generator
1,0.0,0.6,0.6,Mistral-7B-Instruct-v0.3,Qwen3-32B
2,0.6,0.33,0.9299999999999999,Mistral-7B-Instruct-v0.3,Qwen3-32B
3,0.93,0.03,0.9600000000000001,Mistral-7B-Instruct-v0.3,Qwen3-32B
4,0.96,0.02,0.98,Mistral-7B-Instruct-v0.3,Qwen3-32B
5,0.98,0.0,0.98,Mistral-7B-Instruct-v0.3,Qwen3-32B
6,0.98,0.01,0.99,Mistral-7B-Instruct-v0.3,Qwen3-32B
1,0.0,0.19,0.19,Gemma-3-4B-PT,Qwen3-32B
2,0.19,0.72,0.9099999999999999,Gemma-3-4B-PT,Qwen3-32B
3,0.91,0.04,0.9500000000000001,Gemma-3-4B-PT,Qwen3-32B
4,0.95,0.0,0.95,Gemma-3-4B-PT,Qwen3-32B
5,0.95,0.0,0.95,Gemma-3-4B-PT,Qwen3-32B
6,0.95,0.01,0.96,Gemma-3-4B-PT,Qwen3-32B
1,0.0,0.07,0.07,Gemma-3-4B-IT,Qwen3-32B
2,0.07,0.73,0.8,Gemma-3-4B-IT,Qwen3-32B
3,0.8,0.07,0.8700000000000001,Gemma-3-4B-IT,Qwen3-32B
4,0.87,0.02,0.89,Gemma-3-4B-IT,Qwen3-32B
5,0.89,0.04,0.93,Gemma-3-4B-IT,Qwen3-32B
6,0.93,0.02,0.9500000000000001,Gemma-3-4B-IT,Qwen3-32B
1,0.0,0.12,0.12,Qwen3-1.7B,Qwen3-32B
2,0.12,0.8,0.92,Qwen3-1.7B,Qwen3-32B
3,0.92,0.05,0.9700000000000001,Qwen3-1.7B,Qwen3-32B
4,0.97,0.02,0.99,Qwen3-1.7B,Qwen3-32B
5,0.99,0.0,0.99,Qwen3-1.7B,Qwen3-32B
6,0.99,0.0,0.99,Qwen3-1.7B,Qwen3-32B
1,0.0,0.03,0.03,Qwen3-4B,Qwen3-32B
2,0.03,0.83,0.86,Qwen3-4B,Qwen3-32B
3,0.86,0.07,0.9299999999999999,Qwen3-4B,Qwen3-32B
4,0.93,0.02,0.9500000000000001,Qwen3-4B,Qwen3-32B
5,0.95,0.0,0.95,Qwen3-4B,Qwen3-32B
6,0.95,0.01,0.96,Qwen3-4B,Qwen3-32B
1,0.0,0.04,0.04,Qwen3-8B,Qwen3-32B
2,0.04,0.78,0.8200000000000001,Qwen3-8B,Qwen3-32B
3,0.82,0.08,0.8999999999999999,Qwen3-8B,Qwen3-32B
4,0.9,0.04,0.9400000000000001,Qwen3-8B,Qwen3-32B
5,0.94,0.02,0.96,Qwen3-8B,Qwen3-32B
6,0.96,0.01,0.97,Qwen3-8B,Qwen3-32B
1,0.0,0.0,0.0,Qwen3-4B-Instruct-2507,Qwen3-32B
2,0.0,0.35,0.35,Qwen3-4B-Instruct-2507,Qwen3-32B
3,0.35,0.22,0.57,Qwen3-4B-Instruct-2507,Qwen3-32B
4,0.57,0.04,0.61,Qwen3-4B-Instruct-2507,Qwen3-32B
5,0.61,0.07,0.6799999999999999,Qwen3-4B-Instruct-2507,Qwen3-32B
6,0.68,0.05,0.7300000000000001,Qwen3-4B-Instruct-2507,Qwen3-32B
