K,cumulative_asr,n_targets,n_reached,model,query_generator
1,0.12,100,12,Qwen3-1.7B,Qwen3-14B_with_32B_K1
2,0.86,100,86,Qwen3-1.7B,Qwen3-14B_with_32B_K1
3,0.95,100,95,Qwen3-1.7B,Qwen3-14B_with_32B_K1
4,0.97,100,97,Qwen3-1.7B,Qwen3-14B_with_32B_K1
5,0.97,100,97,Qwen3-1.7B,Qwen3-14B_with_32B_K1
6,0.98,100,98,Qwen3-1.7B,Qwen3-14B_with_32B_K1
1,0.03,100,3,Qwen3-4B,Qwen3-14B_with_32B_K1
2,0.73,100,73,Qwen3-4B,Qwen3-14B_with_32B_K1
3,0.84,100,84,Qwen3-4B,Qwen3-14B_with_32B_K1
4,0.91,100,91,Qwen3-4B,Qwen3-14B_with_32B_K1
5,0.93,100,93,Qwen3-4B,Qwen3-14B_with_32B_K1
6,0.95,100,95,Qwen3-4B,Qwen3-14B_with_32B_K1
1,0.0,100,0,Qwen3-4B-Instruct-2507,Qwen3-14B_with_32B_K1
2,0.37,100,37,Qwen3-4B-Instruct-2507,Qwen3-14B_with_32B_K1
3,0.49,100,49,Qwen3-4B-Instruct-2507,Qwen3-14B_with_32B_K1
4,0.53,100,53,Qwen3-4B-Instruct-2507,Qwen3-14B_with_32B_K1
5,0.55,100,55,Qwen3-4B-Instruct-2507,Qwen3-14B_with_32B_K1
6,0.57,100,57,Qwen3-4B-Instruct-2507,Qwen3-14B_with_32B_K1
