condition,generator,model,K,n_total,n_valid,n_failed,mean_level,n_repaired,n_response_hash_mismatch
mistral_7b_32b,32B,Mistral-7B-Instruct-v0.3,1,100,100,0,0.2325,0,0
mistral_7b_32b,32B,Mistral-7B-Instruct-v0.3,2,2000,2000,0,0.10575,4,3
mistral_7b_32b,32B,Mistral-7B-Instruct-v0.3,3,2000,2000,0,0.07775,7,1
mistral_7b_32b,32B,Mistral-7B-Instruct-v0.3,4,2000,2000,0,0.07025,3,2
mistral_7b_32b,32B,Mistral-7B-Instruct-v0.3,5,2000,2000,0,0.066625,2,2
mistral_7b_32b,32B,Mistral-7B-Instruct-v0.3,6,2000,2000,0,0.06075,1,1
qwen_1p7b_14b,14B,Qwen3-1.7B,1,100,100,0,0.1225,0,0
qwen_1p7b_14b,14B,Qwen3-1.7B,2,2000,2000,0,0.06875,8,0
qwen_1p7b_14b,14B,Qwen3-1.7B,3,2000,2000,0,0.066625,10,0
qwen_1p7b_14b,14B,Qwen3-1.7B,4,2000,2000,0,0.05075,5,0
qwen_1p7b_14b,14B,Qwen3-1.7B,5,2000,2000,0,0.0455,2,0
qwen_1p7b_14b,14B,Qwen3-1.7B,6,2000,2000,0,0.043625,1,0
qwen_1p7b_32b,32B,Qwen3-1.7B,1,100,100,0,0.1075,0,0
qwen_1p7b_32b,32B,Qwen3-1.7B,2,2000,2000,0,0.087,8,0
qwen_1p7b_32b,32B,Qwen3-1.7B,3,2000,2000,0,0.074375,8,0
qwen_1p7b_32b,32B,Qwen3-1.7B,4,2000,2000,0,0.06675,4,0
qwen_1p7b_32b,32B,Qwen3-1.7B,5,2000,2000,0,0.06325,1,0
qwen_1p7b_32b,32B,Qwen3-1.7B,6,2000,2000,0,0.057125,5,0
qwen_4b_14b,14B,Qwen3-4B,1,100,100,0,0.105,0,0
qwen_4b_14b,14B,Qwen3-4B,2,2000,2000,0,0.067125,5,0
qwen_4b_14b,14B,Qwen3-4B,3,2000,2000,0,0.06375,10,0
qwen_4b_14b,14B,Qwen3-4B,4,2000,2000,0,0.055875,5,0
qwen_4b_14b,14B,Qwen3-4B,5,2000,2000,0,0.051625,6,0
qwen_4b_14b,14B,Qwen3-4B,6,2000,2000,0,0.04675,5,0
qwen_4b_32b,32B,Qwen3-4B,1,100,100,0,0.105,0,0
qwen_4b_32b,32B,Qwen3-4B,2,2000,2000,0,0.0915,6,0
qwen_4b_32b,32B,Qwen3-4B,3,2000,2000,0,0.083375,9,0
qwen_4b_32b,32B,Qwen3-4B,4,2000,2000,0,0.080375,11,0
qwen_4b_32b,32B,Qwen3-4B,5,2000,2000,0,0.077125,2,0
qwen_4b_32b,32B,Qwen3-4B,6,2000,2000,0,0.07575,9,0
qwen_4b_instruct_14b,14B,Qwen3-4B-Instruct-2507,1,100,100,0,0.075,0,0
qwen_4b_instruct_14b,14B,Qwen3-4B-Instruct-2507,2,2000,2000,0,0.05825,12,0
qwen_4b_instruct_14b,14B,Qwen3-4B-Instruct-2507,3,2000,2000,0,0.059875,4,0
qwen_4b_instruct_14b,14B,Qwen3-4B-Instruct-2507,4,2000,2000,0,0.072625,2,0
qwen_4b_instruct_14b,14B,Qwen3-4B-Instruct-2507,5,2000,2000,0,0.069375,5,0
qwen_4b_instruct_14b,14B,Qwen3-4B-Instruct-2507,6,2000,2000,0,0.07325,3,0
qwen_4b_instruct_32b,32B,Qwen3-4B-Instruct-2507,1,100,100,0,0.0975,0,0
qwen_4b_instruct_32b,32B,Qwen3-4B-Instruct-2507,2,2000,2000,0,0.0625,3,0
qwen_4b_instruct_32b,32B,Qwen3-4B-Instruct-2507,3,2000,2000,0,0.071875,7,0
qwen_4b_instruct_32b,32B,Qwen3-4B-Instruct-2507,4,2000,2000,0,0.064625,8,0
qwen_4b_instruct_32b,32B,Qwen3-4B-Instruct-2507,5,2000,2000,0,0.06375,11,0
qwen_4b_instruct_32b,32B,Qwen3-4B-Instruct-2507,6,2000,2000,0,0.068375,6,0
qwen_8b_32b,32B,Qwen3-8B,1,100,100,0,0.1275,0,0
qwen_8b_32b,32B,Qwen3-8B,2,2000,2000,0,0.0895,5,0
qwen_8b_32b,32B,Qwen3-8B,3,2000,2000,0,0.079375,2,0
qwen_8b_32b,32B,Qwen3-8B,4,2000,2000,0,0.079,6,0
qwen_8b_32b,32B,Qwen3-8B,5,2000,2000,0,0.074875,1,0
qwen_8b_32b,32B,Qwen3-8B,6,2000,2000,0,0.067625,4,0
