candidate_id,target_id,k_aux,replicate,recorded_query_sha256,matches_supplied_query
qwen3_32b_gpu_only__jbb_021__k1__r03,jbb_021,1,3,3271784b048cd9727a867cc424bc2dc4ee30708ed498403bac62379057077103,true
qwen3_32b_gpu_only__jbb_021__k1__r05,jbb_021,1,5,604019fabefc245bc4edc92b35942b625ea53b1b9d360170d739dc3d86b66671,true
qwen3_32b_gpu_only__jbb_064__k1__r02,jbb_064,1,2,0eed6b6435c841fe82c53e2e7a9c515bdbdaa0e0d7c069d0c834f6592de2e8cd,true
qwen3_32b_gpu_only__jbb_064__k1__r08,jbb_064,1,8,0eed6b6435c841fe82c53e2e7a9c515bdbdaa0e0d7c069d0c834f6592de2e8cd,true
qwen3_32b_gpu_only__jbb_064__k1__r10,jbb_064,1,10,0eed6b6435c841fe82c53e2e7a9c515bdbdaa0e0d7c069d0c834f6592de2e8cd,true
qwen3_32b_gpu_only__jbb_064__k1__r13,jbb_064,1,13,0eed6b6435c841fe82c53e2e7a9c515bdbdaa0e0d7c069d0c834f6592de2e8cd,true
qwen3_32b_gpu_only__jbb_064__k2__r15,jbb_064,2,15,3271784b048cd9727a867cc424bc2dc4ee30708ed498403bac62379057077103,true
qwen3_32b_gpu_only__jbb_064__k2__r16,jbb_064,2,16,0eed6b6435c841fe82c53e2e7a9c515bdbdaa0e0d7c069d0c834f6592de2e8cd,true
qwen3_32b_gpu_only__jbb_064__k4__r01,jbb_064,4,1,3271784b048cd9727a867cc424bc2dc4ee30708ed498403bac62379057077103,true
qwen3_32b_gpu_only__jbb_067__k1__r00,jbb_067,1,0,0eed6b6435c841fe82c53e2e7a9c515bdbdaa0e0d7c069d0c834f6592de2e8cd,true
qwen3_32b_gpu_only__jbb_067__k1__r01,jbb_067,1,1,3271784b048cd9727a867cc424bc2dc4ee30708ed498403bac62379057077103,true
qwen3_32b_gpu_only__jbb_067__k1__r04,jbb_067,1,4,3271784b048cd9727a867cc424bc2dc4ee30708ed498403bac62379057077103,true
qwen3_32b_gpu_only__jbb_067__k1__r06,jbb_067,1,6,3271784b048cd9727a867cc424bc2dc4ee30708ed498403bac62379057077103,true
